{"cameraMode":{"drawMode":0,"name":"Shaded","section":"Shading Mode"},"sceneLighting":false,"audioPlay":false,"sceneViewState":{"showFog":true,"showMaterialUpdate":false,"showSkybox":true,"showFlares":true,"showImageEffects":true,"showParticleSystems":true},"in2DMode":false,"pivot":{"x":326.45819091796877,"y":22.702659606933595,"z":449.50762939453127},"rotation":{"x":-0.017687955871224405,"y":-0.9815975427627564,"z":0.11420201510190964,"w":-0.1520242542028427},"size":180.53512573242188,"orthographic":false}