{"cameraMode":{"drawMode":0,"name":"Shaded","section":"Shading Mode"},"sceneLighting":false,"audioPlay":false,"sceneViewState":{"showFog":true,"showMaterialUpdate":false,"showSkybox":true,"showFlares":true,"showImageEffects":true,"showParticleSystems":true},"in2DMode":false,"pivot":{"x":0.18227320909500123,"y":-0.08597183227539063,"z":0.5447591543197632},"rotation":{"x":-0.038980234414339069,"y":-0.7613847255706787,"z":0.045979395508766177,"w":-0.645491898059845},"size":6.838910102844238,"orthographic":false}