{"cameraMode":{"drawMode":0,"name":"Shaded","section":"Shading Mode"},"sceneLighting":false,"audioPlay":false,"sceneViewState":{"showFog":true,"showMaterialUpdate":false,"showSkybox":true,"showFlares":true,"showImageEffects":true,"showParticleSystems":true},"in2DMode":false,"pivot":{"x":-20.489999771118165,"y":0.23899997770786286,"z":83.84562683105469},"rotation":{"x":0.045501708984375,"y":0.37741029262542727,"z":0.018570171669125558,"w":-0.9247411489486694},"size":2.8578836917877199,"orthographic":false}